date,action,ticker,price,note,analyst
2026-05-07,SELL,ARM,229.55,,Knox Ridley
2026-05-04,SELL,AEHR,94.25,,Knox Ridley
2026-05-04,SELL,NBIS,169.36,,Knox Ridley
2026-05-01,SELL,SNDK,1101.63,,Knox Ridley
2026-04-28,BUY,AEHR,76.83,,Knox Ridley
2026-04-28,BUY,NBIS,133.11,,Knox Ridley
2026-04-27,BUY,AMD,335.84,,Knox Ridley
2026-04-27,SELL,NVDA,209.67,,Knox Ridley
2026-04-24,BUY,ARM,230.56,,Knox Ridley
2026-04-21,BUY,NEE,91.68,,Knox Ridley
2026-04-21,SELL,RDDT,166.26,,Knox Ridley
2026-04-21,SELL,NET,206.0,,Knox Ridley
2026-04-21,SELL,CLS,405.75,,Knox Ridley
2026-04-14,SELL,BTCUSD,68080.0,,Knox Ridley
2026-04-06,BUY,AEHR,48.3,,Knox Ridley
2026-04-02,SELL,SNDK,695.07,,Knox Ridley
2026-04-02,SELL,LITE,802.91,,Knox Ridley
2026-04-01,SELL,LITE,779.0,,Knox Ridley
2026-03-31,SELL,AVGO,302.84,,Knox Ridley
2026-03-31,SELL,AMD,200.58,,Knox Ridley
2026-03-27,BUY,COHR,241.92,,Knox Ridley
2026-03-26,BUY,GOOGL,280.03,,Knox Ridley
2026-03-20,BUY,SNDK,518.6,,Knox Ridley
2026-03-09,BUY,MU,364.03,,Knox Ridley
2026-03-09,BUY,BE,135.0,,Knox Ridley
2026-03-06,BUY,AAOI,93.8,,Knox Ridley
2026-03-05,BUY,CLS,260.71,,Knox Ridley
2026-03-03,BUY,ALAB,118.52,,Knox Ridley
2026-02-27,BUY,SNDK,649.3,,Knox Ridley
2026-02-27,SELL,CRWV,78.77,,Knox Ridley
2026-02-25,SELL,LITE,754.8,,Knox Ridley
2026-02-25,SELL,APP,414.29,,Knox Ridley
2026-02-09,SELL,CRWV,95.71,,Knox Ridley
2026-02-06,SELL,BTCUSD,71003.0,,Knox Ridley
2026-02-06,SELL,APLD,34.91,,Knox Ridley
2026-02-06,SELL,AMD,209.02,,Knox Ridley
2026-02-05,BUY,META,658.51,,Knox Ridley
2026-02-04,BUY,BTCUSD,72333.0,,Knox Ridley
2026-02-04,BUY,PLTR,137.9,,Knox Ridley
2026-02-04,BUY,MU,377.91,,Knox Ridley
2026-02-04,SELL,GEV,733.67,,Knox Ridley
2026-02-04,SELL,INOD,49.82,,Knox Ridley
2026-02-03,BUY,BTCUSD,76301.0,,Knox Ridley
2026-02-03,BUY,SNDK,663.6,,Knox Ridley
2026-02-03,BUY,NET,166.55,,Knox Ridley
2026-02-03,BUY,RDDT,163.7,,Knox Ridley
2026-02-03,BUY,LITE,434.4,,Knox Ridley
2026-02-03,SELL,NVDA,179.61,,Knox Ridley
2026-02-03,BUY,MU,418.73,,Knox Ridley
2026-02-02,SELL,COHR,228.07,,Knox Ridley
2026-02-02,BUY,META,712.2,,Knox Ridley
2026-02-02,BUY,PLTR,148.62,,Knox Ridley
2026-02-02,BUY,RDDT,179.82,,Knox Ridley
2026-02-02,SELL,AAOI,49.02,,Knox Ridley
2026-01-30,BUY,SNDK,650.98,,Knox Ridley
2026-01-29,BUY,INOD,59.26,,Knox Ridley
2026-01-29,BUY,APLD,37.45,,Knox Ridley
2026-01-28,BUY,AMD,256.81,,Knox Ridley
2026-01-28,SELL,AVGO,333.17,,Knox Ridley
2026-01-28,BUY,LITE,387.25,,Knox Ridley
2026-01-28,SELL,ALAB,175.49,,Knox Ridley
2026-01-21,SELL,CRDO,139.03,,Knox Ridley
2026-01-14,BUY,BE,130.38,,Knox Ridley
2025-12-29,BUY,COHR,186.83,,Knox Ridley
2025-12-29,BUY,APP,689.91,,Knox Ridley
2025-12-23,BUY,APP,722.14,,Knox Ridley
2025-12-23,BUY,BE,89.95,,Knox Ridley
2025-12-23,BUY,CRWV,80.61,,Knox Ridley
2025-12-23,BUY,AAOI,39.29,,Knox Ridley
2025-12-19,BUY,MU,265.98,,Knox Ridley
2025-12-18,SELL,BTCUSD,85198.0,,Knox Ridley
2025-12-18,SELL,BE,81.09,,Knox Ridley
2025-12-17,SELL,CRWV,66.09,,Knox Ridley
2025-12-17,BUY,COHR,174.16,,Knox Ridley
2025-12-16,BUY,GEV,686.15,,Knox Ridley
2025-12-10,SELL,ALAB,166.76,,Knox Ridley
2025-12-10,BUY,NET,208.55,,Knox Ridley
2025-12-10,BUY,COHR,192.53,,Knox Ridley
2025-12-10,BUY,AVGO,402.39,,Knox Ridley
2025-12-09,BUY,LITE,351.89,,Knox Ridley
2025-12-03,BUY,AMD,216.01,,Knox Ridley
2025-12-02,BUY,CRWV,66.0,,Knox Ridley
2025-11-21,BUY,CRDO,126.0,,Knox Ridley
2025-11-21,BUY,BE,77.0,,Knox Ridley
2025-11-21,BUY,ALAB,132.0,,Knox Ridley
2025-11-20,SELL,WULF,11.61,,Knox Ridley
2025-11-20,SELL,GLXY,24.2,,Knox Ridley
2025-11-20,BUY,GLXY,24.99,,Knox Ridley
2025-11-18,BUY,CRWV,72.94,,Knox Ridley
2025-11-17,BUY,NVDA,184.71,,Knox Ridley
2025-11-13,BUY,AAOI,20.21,,Knox Ridley
2025-11-13,BUY,CRDO,140.92,,Knox Ridley
2025-11-13,BUY,RDDT,190.22,,Knox Ridley
2025-11-13,BUY,GEV,541.25,,Knox Ridley
2025-11-13,BUY,BE,100.24,,Knox Ridley
2025-11-13,BUY,ALAB,139.96,,Knox Ridley
2025-11-13,SELL,APP,559.8,,Knox Ridley
2025-11-12,SELL,APLD,25.68,,Knox Ridley
2025-11-12,SELL,CORZ,16.1,,Knox Ridley
2025-11-11,SELL,CRWV,90.05,,Knox Ridley
2025-11-11,BUY,AAOI,23.96,,Knox Ridley
2025-11-11,SELL,IREN,57.76,,Knox Ridley
2025-11-07,SELL,INOD,63.82,,Knox Ridley
2025-11-06,SELL,INOD,61.59,,Knox Ridley
2025-11-06,BUY,GEV,549.81,,Knox Ridley
2025-11-06,SELL,ORCL,241.97,,Knox Ridley
2025-11-04,BUY,CORZ,21.48,,Knox Ridley
2025-11-04,BUY,APLD,31.18,,Knox Ridley
2025-11-04,BUY,CRWV,116.12,,Knox Ridley
2025-11-04,BUY,IREN,67.0,,Knox Ridley
2025-11-04,BUY,AAOI,28.56,,Knox Ridley
2025-11-04,BUY,CRDO,164.76,,Knox Ridley
2025-11-04,SELL,ETHUSD,3418.0,,Knox Ridley
2025-11-04,SELL,BTCUSD,103536.0,,Knox Ridley
2025-11-03,BUY,IREN,71.92,,Knox Ridley
2025-10-31,BUY,CRDO,189.63,,Knox Ridley
2025-10-31,SELL,RIOT,20.58,,Knox Ridley
2025-10-28,BUY,BE,132.25,,Knox Ridley
2025-10-28,BUY,NVDA,199.72,,Knox Ridley
2025-10-28,BUY,CORZ,20.46,,Knox Ridley
2025-10-28,BUY,AAOI,35.58,,Knox Ridley
2025-10-27,SELL,LINKUSD,18.76,,Knox Ridley
2025-10-22,BUY,CRDO,135.4,,Knox Ridley
2025-10-22,BUY,ALAB,149.83,,Knox Ridley
2025-10-22,BUY,RDDT,196.3,,Knox Ridley
2025-10-22,SELL,META,739.29,,Knox Ridley
2025-10-22,SELL,OKLO,127.46,,Knox Ridley
2025-10-21,BUY,INOD,74.79,,Knox Ridley
2025-10-20,BUY,IREN,57.83,,Knox Ridley
2025-10-20,BUY,CRWV,127.7,,Knox Ridley
2025-10-20,BUY,ALAB,155.79,,Knox Ridley
2025-10-17,BUY,AAOI,29.05,,Knox Ridley
2025-10-17,BUY,CRWV,133.69,,Knox Ridley
2025-10-16,BUY,CRDO,132.42,,Knox Ridley
2025-10-16,BUY,ALAB,162.38,,Knox Ridley
2025-10-14,BUY,ALAB,160.94,,Knox Ridley
2025-10-13,BUY,CRWV,136.87,,Knox Ridley
2025-10-10,BUY,OKLO,152.42,,Knox Ridley
2025-10-10,BUY,APLD,37.2,,Knox Ridley
2025-10-08,BUY,RDDT,195.8,,Knox Ridley
2025-10-07,BUY,LINKUSD,22.0,,Knox Ridley
2025-10-07,BUY,GLXY,40.77,,Knox Ridley
2025-10-06,BUY,RIOT,21.4,,Knox Ridley
2025-10-06,BUY,AMD,220.82,,Knox Ridley
2025-10-02,SELL,WULF,12.26,,Knox Ridley
2025-10-02,SELL,APLD,26.77,,Knox Ridley
2025-09-25,BUY,LINKUSD,19.96,,Knox Ridley
2025-09-25,BUY,ETHUSD,4004.0,,Knox Ridley
2025-09-25,SELL,SMR,36.32,,Knox Ridley
2025-09-25,SELL,RDDT,225.03,,Knox Ridley
2025-09-25,SELL,OKLO,114.57,,Knox Ridley
2025-09-25,BUY,ETHUSD,3972.0,,Knox Ridley
2025-09-24,SELL,LITE,156.45,,Knox Ridley
2025-09-24,SELL,RIOT,18.24,,Knox Ridley
2025-09-24,SELL,BE,67.4,,Knox Ridley
2025-09-22,SELL,BTCUSD,113338.0,,Knox Ridley
2025-09-19,SELL,INOD,72.45,,Knox Ridley
2025-09-19,SELL,APP,626.3,,Knox Ridley
2025-09-19,BUY,SMR,43.22,,Knox Ridley
2025-09-19,SELL,ALAB,233.07,,Knox Ridley
2025-09-18,BUY,OKLO,104.43,,Knox Ridley
2025-09-17,SELL,INOD,68.34,,Knox Ridley
2025-09-16,SELL,BE,72.15,,Knox Ridley
2025-09-15,BUY,RIOT,16.42,,Knox Ridley
2025-09-12,SELL,NBIS,89.57,,Knox Ridley
2025-09-11,BUY,ORCL,314.76,,Knox Ridley
2025-09-11,SELL,TSM,261.25,,Knox Ridley
2025-09-10,BUY,LITE,163.4,,Knox Ridley
2025-09-10,BUY,RDDT,258.28,,Knox Ridley
2025-09-10,BUY,CRDO,160.0,,Knox Ridley
2025-09-10,BUY,ORCL,325.21,,Knox Ridley
2025-09-09,BUY,APP,552.37,,Knox Ridley
2025-09-09,BUY,AVGO,337.28,,Knox Ridley
2025-09-09,BUY,NBIS,96.12,,Knox Ridley
2025-09-09,BUY,APLD,15.04,,Knox Ridley
2025-09-09,BUY,WULF,10.07,,Knox Ridley
2025-09-09,SELL,MARA,15.95,,Knox Ridley
2025-09-09,SELL,AMD,155.52,,Knox Ridley
2025-09-04,SELL,ALAB,186.75,,Knox Ridley
2025-09-04,BUY,INOD,37.35,,Knox Ridley
2025-09-04,BUY,CRDO,138.14,,Knox Ridley
2025-08-29,SELL,COIN,304.78,,Knox Ridley
2025-08-26,SELL,BE,50.35,,Knox Ridley
2025-08-26,SELL,SOLUSD,191.05,,Knox Ridley
2025-08-26,BUY,AVGO,297.83,,Knox Ridley
2025-08-26,SELL,SMCI,44.12,,Knox Ridley
2025-08-26,SELL,BTCUSD,110125.0,,Knox Ridley
2025-08-22,BUY,LINKUSD,27.61,,Knox Ridley
2025-08-14,SELL,COHR,89.92,,Knox Ridley
2025-08-09,SELL,ETHUSD,4193.0,,Knox Ridley
2025-08-07,BUY,APP,436.75,,Knox Ridley
2025-07-31,SELL,ETHUSD,3756.0,,Knox Ridley
2025-07-31,SELL,COIN,380.53,,Knox Ridley
2025-07-29,SELL,COIN,369.5,,Knox Ridley
2025-07-28,BUY,SMCI,59.01,,Knox Ridley
2025-07-24,BUY,MARA,17.21,,Knox Ridley
2025-07-24,BUY,CRDO,99.38,,Knox Ridley
2025-07-24,BUY,OKLO,74.07,,Knox Ridley
2025-07-24,BUY,BE,32.93,,Knox Ridley
2025-07-24,SELL,CORZ,13.62,,Knox Ridley
2025-07-23,SELL,COHR,100.7,,Knox Ridley
2025-07-23,SELL,COIN,391.28,,Knox Ridley
2025-07-23,BUY,APP,359.02,,Knox Ridley
2025-07-23,BUY,CRDO,94.65,,Knox Ridley
2025-07-18,SELL,DELL,131.72,,Knox Ridley
2025-07-18,SELL,AMD,158.73,,Knox Ridley
2025-07-18,SELL,COHR,100.08,,Knox Ridley
2025-07-15,BUY,SMCI,52.81,,Knox Ridley
2025-07-10,BUY,SOLUSD,163.75,,Knox Ridley
2025-07-10,SELL,META,726.57,,Knox Ridley
2025-07-10,SELL,COIN,387.71,,Knox Ridley
2025-05-29,BUY,NVDA,135.59,,Knox Ridley
2025-05-09,SELL,BTCUSD,95350.0,,Knox Ridley
2025-04-24,SELL,CRDO,42.59,,Knox Ridley
2025-04-24,SELL,AVGO,188.56,,Knox Ridley
2025-04-24,SELL,MRVL,57.46,,Knox Ridley
2025-04-24,SELL,CRDO,43.39,,Knox Ridley
2025-04-21,BUY,META,482.48,,Knox Ridley
2025-04-10,SELL,APP,249.76,,Knox Ridley
2025-04-08,BUY,META,488.97,,Knox Ridley
2025-04-07,BUY,NVDA,87.99,,Knox Ridley
2025-04-07,BUY,ALAB,51.1,,Knox Ridley
2025-04-04,BUY,BE,16.64,,Knox Ridley
2025-04-04,BUY,CRDO,33.32,,Knox Ridley
2025-04-04,BUY,CORZ,7.43,,Knox Ridley
2025-04-04,BUY,AVGO,142.1,,Knox Ridley
2025-04-04,BUY,NVDA,94.48,,Knox Ridley
2025-04-04,BUY,BE,17.04,,Knox Ridley
2025-04-04,BUY,BE,1.97,,Knox Ridley
2025-04-04,BUY,CORZ,6.78,,Knox Ridley
2025-04-04,SELL,AOSL,20.98,,Knox Ridley
2025-04-01,SELL,DELL,97.26,,Knox Ridley
2025-03-07,BUY,ALAB,62.25,,Knox Ridley
2025-03-06,BUY,APP,279.66,,Knox Ridley
2025-03-05,BUY,APP,314.99,,Knox Ridley
2025-03-05,BUY,AVGO,188.92,,Knox Ridley
2025-03-05,BUY,CRDO,46.33,,Knox Ridley
2025-03-04,BUY,CRDO,52.53,,Knox Ridley
2025-03-04,BUY,COHR,68.08,,Knox Ridley
2025-03-04,BUY,ALAB,67.38,,Knox Ridley
2025-03-04,BUY,APP,318.46,,Knox Ridley
2025-03-03,BUY,COHR,72.74,,Knox Ridley
2025-03-03,BUY,ALAB,70.38,,Knox Ridley
2025-02-28,BUY,COHR,73.79,,Knox Ridley
2025-02-28,BUY,BTCUSD,80685.0,,Knox Ridley
2025-02-26,BUY,BTCUSD,82878.0,,Knox Ridley
2025-02-26,BUY,BTCUSD,83891.0,,Knox Ridley
2025-02-24,SELL,SOLUSD,144.83,,Knox Ridley
2025-02-24,SELL,RIOT,10.15,,Knox Ridley
2025-02-20,SELL,VRT,104.38,,Knox Ridley
2025-02-20,SELL,NVDA,140.2,,Knox Ridley
2025-02-18,SELL,SMTC,54.43,,Knox Ridley
2025-02-06,SELL,NVDA,126.78,,Knox Ridley
2025-02-03,BUY,AMD,114.45,,Knox Ridley
2025-01-27,BUY,ALAB,79.73,,Knox Ridley
2025-01-27,BUY,SMTC,54.37,,Knox Ridley
2025-01-27,BUY,CRDO,53.82,,Knox Ridley
2025-01-27,BUY,MRVL,99.7,,Knox Ridley
2025-01-27,SELL,MU,92.17,,Knox Ridley
2025-01-27,BUY,COHR,78.26,,Knox Ridley
2025-01-27,BUY,MRVL,103.01,,Knox Ridley
2025-01-27,BUY,VRT,108.27,,Knox Ridley
2025-01-27,BUY,CRDO,62.73,,Knox Ridley
2025-01-27,BUY,NVDA,125.06,,Knox Ridley
2025-01-27,BUY,AMD,117.88,,Knox Ridley
2025-01-27,BUY,SOLUSD,231.29,,Knox Ridley
2025-01-23,SELL,AOSL,42.08,,Knox Ridley
2025-01-15,BUY,SMTC,71.63,,Knox Ridley
2025-01-13,BUY,COIN,248.01,,Knox Ridley
2025-01-13,SELL,MARA,116.82,,Knox Ridley
2025-01-08,BUY,RIOT,11.77,,Knox Ridley
2025-01-08,BUY,MARA,18.05,,Knox Ridley
2025-01-07,BUY,RIOT,12.34,,Knox Ridley
2025-01-07,BUY,MARA,19.68,,Knox Ridley
2024-12-30,BUY,COIN,252.79,,Knox Ridley
2024-12-27,BUY,COIN,268.89,,Knox Ridley
2024-12-19,BUY,LINKUSD,22.19,,Knox Ridley
2024-12-18,SELL,MU,93.44,,Knox Ridley
2024-12-18,SELL,MRVL,110.97,,Knox Ridley
2024-12-16,BUY,AOSL,37.83,,Knox Ridley
2024-12-12,BUY,LINKUSD,27.91,,Knox Ridley
2024-12-12,BUY,LINKUSD,27.51,,Knox Ridley
2024-12-11,SELL,NET,114.91,,Knox Ridley
2024-12-10,BUY,DELL,117.68,,Knox Ridley
2024-12-03,BUY,LINKUSD,24.1,,Knox Ridley
2024-12-03,BUY,MRVL,94.91,,Knox Ridley
2024-11-27,SELL,LINKUSD,18.15,,Knox Ridley
2024-11-27,SELL,APP,327.0,,Knox Ridley
2024-11-27,SELL,ALAB,105.64,,Knox Ridley
2024-11-22,BUY,AOSL,37.4,,Knox Ridley
2024-11-22,BUY,DELL,143.54,,Knox Ridley
2024-11-21,BUY,AOSL,35.1,,Knox Ridley
2024-11-21,SELL,ETHUSD,3284.0,,Knox Ridley
2024-11-20,SELL,AMD,137.96,,Knox Ridley
2024-11-20,SELL,BTCUSD,94801.0,,Knox Ridley
2024-11-19,SELL,SOLUSD,241.3,,Knox Ridley
2024-11-15,BUY,APP,281.0,,Knox Ridley
2024-11-15,BUY,ALAB,85.59,,Knox Ridley
2024-11-15,BUY,TSM,185.66,,Knox Ridley
2025-11-14,BUY,TSM,190.3,,Knox Ridley
2025-11-13,SELL,BTCUSD,91785.0,,Knox Ridley
2025-11-11,SELL,AMD,146.78,,Knox Ridley
2025-11-11,SELL,COIN,326.43,,Knox Ridley
2025-11-10,SELL,BTCUSD,80515.0,,Knox Ridley
2025-11-10,SELL,SOLUSD,210.02,,Knox Ridley
2025-11-08,SELL,COIN,269.5,,Knox Ridley
2025-11-08,SELL,AOSL,28.45,,Knox Ridley
2025-11-04,BUY,COIN,181.19,,Knox Ridley
2025-10-09,SELL,AMD,171.07,,Knox Ridley
2025-10-04,SELL,DELL,120.15,,Knox Ridley
2025-10-04,BUY,COIN,169.18,,Knox Ridley
2025-10-04,SELL,NVDA,124.52,,Knox Ridley
2025-10-04,SELL,AMD,169.92,,Knox Ridley
2025-10-01,SELL,DELL,113.22,,Knox Ridley
2025-09-26,BUY,COIN,179.38,,Knox Ridley
2025-09-26,SELL,SMCI,392.85,,Knox Ridley
2025-09-25,SELL,AMD,162.14,,Knox Ridley
2025-09-25,SELL,NVDA,124.68,,Knox Ridley
2025-09-24,SELL,NVDA,118.42,,Knox Ridley
2025-09-24,SELL,AMD,154.98,,Knox Ridley
2025-09-24,SELL,MU,93.09,,Knox Ridley
2025-09-17,SELL,NVDA,117.64,,Knox Ridley
2025-09-10,BUY,MU,85.98,,Knox Ridley
2025-09-10,BUY,MU,85.98,,Knox Ridley
2025-09-10,SELL,AVGO,144.27,,Knox Ridley
2025-09-09,BUY,COIN,154.02,,Knox Ridley
2025-08-23,BUY,MU,89.91,,Knox Ridley
2024-08-03,BUY,SOLUSD,146.97,,Knox Ridley
2024-08-02,BUY,NVDA,105.73,,Knox Ridley
2024-08-02,SELL,AEHR,15.53,,Knox Ridley
2024-08-01,BUY,BTCUSD,62904.0,,Knox Ridley
2024-08-01,SELL,LRCX,871.36,,Knox Ridley
2024-07-30,BUY,AVGO,144.91,,Knox Ridley
2024-07-30,BUY,NVDA,106.78,,Knox Ridley
2024-07-29,BUY,DELL,111.96,,Knox Ridley
2024-07-24,BUY,AMD,145.96,,Knox Ridley
2024-07-24,BUY,NVDA,116.38,,Knox Ridley
2024-07-24,BUY,SMCI,735.05,,Knox Ridley
2024-07-24,BUY,DELL,118.72,,Knox Ridley
2024-07-19,SELL,MSFT,438.27,,Knox Ridley
2024-07-19,SELL,CRWD,303.83,,Knox Ridley
2024-07-19,SELL,MSFT,438.27,,Knox Ridley
2024-07-19,SELL,CRWD,303.83,,Knox Ridley
2024-07-18,BUY,AEHR,19.45,,Knox Ridley
2024-07-18,BUY,AMD,155.72,,Knox Ridley
2024-07-18,SELL,QLD/USD,101.36,,Knox Ridley
2024-07-17,BUY,DELL,125.03,,Knox Ridley
2024-07-17,BUY,NVDA,118.31,,Knox Ridley
2024-07-17,BUY,AMD,161.51,,Knox Ridley
2024-07-17,BUY,AVGO,156.98,,Knox Ridley
2024-07-17,BUY,AOSL,44.02,,Knox Ridley
2024-07-15,BUY,AOSL,42.8,,Knox Ridley
2024-07-11,BUY,AOSL,38.79,,Knox Ridley
2024-07-11,SELL,MU,131.45,,Knox Ridley
2024-07-05,BUY,LINKUSD,11.2,,Knox Ridley
2024-07-05,BUY,BTCUSD,55375.0,,Knox Ridley
2024-07-04,BUY,LINKUSD,12.81,,Knox Ridley
2024-07-04,BUY,BTCUSD,57308.0,,Knox Ridley
2024-06-26,SELL,NVDA,129.59,,Knox Ridley
2024-06-09,SELL,SOLUSD,162.05,,Knox Ridley
2024-06-06,BUY,DELL,163.47,,Knox Ridley
2024-05-16,BUY,AVGO,1441.3,,Knox Ridley
2024-05-15,BUY,DELL,145.95,,Knox Ridley
2024-05-10,BUY,TCEHY,47.36,,Knox Ridley
2024-05-10,BUY,BIDI,110.98,,Knox Ridley
2024-05-01,SELL,SMCI,749.98,,Knox Ridley
2024-04-29,BUY,AMD,155.78,,Knox Ridley
2024-04-25,SELL,LRCX,908.2,,Knox Ridley
2024-04-24,BUY,AVGO,1261.65,,Knox Ridley
2024-04-24,BUY,MU,110.33,,Knox Ridley
2024-04-24,SELL,SMCI,780.0,,Knox Ridley
2024-04-24,SELL,NFLX,564.1,,Knox Ridley
2024-04-19,BUY,LINKUSD,12.85,,Knox Ridley
2024-04-17,BUY,BTCUSD,59785.0,,Knox Ridley
2024-04-13,BUY,ETHUSD,2932.0,,Knox Ridley
2024-04-13,BUY,LINKUSD,12.53,,Knox Ridley
2024-04-12,BUY,SOLUSD,153.98,,Knox Ridley
2024-04-12,BUY,LINKUSD,14.97,,Knox Ridley
2024-04-10,BUY,SOLUSD,166.33,,Knox Ridley
2024-04-01,BUY,MU,125.4,,Knox Ridley
2024-04-01,SELL,NFLX,608.35,,Knox Ridley
2024-04-01,SELL,CRWD,318.1,,Knox Ridley
2024-04-01,SELL,NET,95.97,,Knox Ridley
2024-03-21,BUY,LRCX,991.56,,Knox Ridley
2024-03-21,BUY,AVGO,1365.15,,Knox Ridley
2024-03-21,BUY,MU,110.12,,Knox Ridley
2024-03-18,SELL,SMCI,983.28,,Knox Ridley
2024-03-12,SELL,MRVL,77.19,,Knox Ridley
2024-02-28,SELL,SMCI,815.97,,Knox Ridley
2024-02-28,BUY,SOLUSD,112.31,,Knox Ridley
2024-02-28,BUY,LINKUSSD,20.13,,Knox Ridley
2024-02-28,BUY,BTCUSD,60556.0,,Knox Ridley
2024-02-23,SELL,SMCI,849.03,,Knox Ridley
2024-02-16,SELL,NVDA,733.51,,Knox Ridley
2024-02-16,SELL,AMD,174.82,,Knox Ridley
2024-02-16,SELL,SMCI,820.83,,Knox Ridley
2024-02-15,SELL,SMCI,960.61,,Knox Ridley
2024-02-15,SELL,MSFT,404.89,,Knox Ridley
2024-02-13,SELL,NET,100.78,,Knox Ridley
2024-02-13,SELL,CRWD,322.01,,Knox Ridley
2024-02-08,SELL,CRWD,298.06,,Knox Ridley
2024-02-02,BUY,SOLUSD,99.73,,Knox Ridley
2024-02-02,BUY,BTCUSD,43020.0,,Knox Ridley
2024-01-31,SELL,MSFT,403.44,,Knox Ridley
2024-01-30,SELL,CRWD,299.21,,Knox Ridley
2024-01-30,BUY,SMCI,551.9,,Knox Ridley
2024-01-30,BUY,SMCI,0.0,,Knox Ridley
2024-01-19,BUY,MSFT,392.52,,Knox Ridley
2024-01-18,SELL,MRVL,69.76,,Knox Ridley
2024-01-18,SELL,AMD,164.75,,Knox Ridley
2024-01-12,SELL,CRWD,283.82,,Knox Ridley
2024-01-12,SELL,NVDA,547.04,,Knox Ridley
2024-01-12,SELL,MSFT,384.95,,Knox Ridley
2024-01-12,SELL,NET,81.05,,Knox Ridley
2024-01-11,SELL,AEHR,18.28,,Knox Ridley
2024-01-09,BUY,AEHR,22.11,,Knox Ridley
2023-12-22,BUY,MU,86.52,,Knox Ridley
2023-12-11,BUY,BTC/ETH/LINK,40530.0,,Knox Ridley
2023-11-22,SELL,AMD,122.7,,Knox Ridley
2023-11-20,SELL,BTCUSD,37553.0,,Knox Ridley
2023-11-20,SELL,ETHUSD,2035.9,,Knox Ridley
2023-11-15,SELL,QLD/USD,67.39,,Knox Ridley
2024-11-10,SELL,SMCI,263.84,,Knox Ridley
2024-11-10,SELL,NVDA,481.27,,Knox Ridley
2024-11-10,SELL,MSFT,369.12,,Knox Ridley
2024-11-03,SELL,TQQQ,37.6,,Knox Ridley
2024-11-02,SELL,TQQQ,36.26,,Knox Ridley
2024-10-25,BUY,TQQQ,33.52,,Knox Ridley
2024-10-25,BUY,TQQQ,33.85,,Knox Ridley
2024-10-24,BUY,LINKUSD,10.89,,Knox Ridley
2024-10-23,BUY,BTCUSD,33247.26,,Knox Ridley
2024-10-23,BUY,NET,58.12,,Knox Ridley
2024-10-23,BUY,NFLX,400.72,,Knox Ridley
2024-10-23,SELL,TSM,92.28,,Knox Ridley
2024-10-20,SELL,ENPH,102.04,,Knox Ridley
2024-10-19,BUY,NFLX,398.04,,Knox Ridley
2024-10-18,BUY,QLD,61.41,,Knox Ridley
2024-10-13,BUY,AEHR,38.56,,Knox Ridley
2024-10-12,BUY,CRWD,160.98,,Knox Ridley
2024-10-03,BUY,AMD,96.15,,Knox Ridley
2024-09-26,BUY,ENPH,119.81,,Knox Ridley
2024-09-22,BUY,CRWD,162.65,,Knox Ridley
2024-09-22,BUY,CRWD,165.14,,Knox Ridley
2024-09-19,SELL,TSLA,263.49,,Knox Ridley
2024-09-08,SELL,NVDA,454.2,,Knox Ridley
2024-09-08,SELL,SMCI,280.46,,Knox Ridley
2024-08-31,SELL,GOOGL,136.8,,Knox Ridley
2024-08-30,BUY,MRVL,54.48,,Knox Ridley
2024-08-25,BUY,AMD,102.88,,Knox Ridley
2024-08-23,BUY,MSFT,313.97,,Knox Ridley
2023-08-16,BUY,SMCI,252.56,,Knox Ridley
2023-08-16,BUY,AEHR,42.02,,Knox Ridley
2023-08-10,BUY,SMCI,271.51,,Knox Ridley
2023-08-09,BUY,NVDA,426.98,,Knox Ridley
2023-08-09,BUY,AMD,110.08,,Knox Ridley
2023-07-21,SELL,TSLA,263.45,,Knox Ridley
2023-07-20,SELL,NFLX,448.68,,Knox Ridley
2023-07-12,BUY,AEHR,39.66,,Knox Ridley
2023-06-30,BUY,AEHR,41.73,,Knox Ridley
2023-06-30,BUY,GOOGL,119.47,,Knox Ridley
2023-06-28,BUY,NVDA,410.02,,Knox Ridley
2023-06-28,BUY,AMD,110.78,,Knox Ridley
2023-06-23,BUY,SMCI,217.3,,Knox Ridley
2023-06-23,BUY,MRVL,56.9,,Knox Ridley
2023-06-21,BUY,AMD,112.89,,Knox Ridley
2023-06-09,SELL,ENPH,178.98,,Knox Ridley
2023-06-08,BUY,NFLX,408.17,,Knox Ridley
2023-05-31,BUY,BTCUSD,26413.0,,Knox Ridley
2023-04-26,SELL,META,225.37,,Knox Ridley
2023-04-25,SELL,TSM,83.25,,Knox Ridley
2023-04-25,SELL,AEHR,25.32,,Knox Ridley
2023-04-20,SELL,TSLA,163.06,,Knox Ridley
2023-04-20,SELL,NFLX,226.89,,Knox Ridley
2023-04-19,SELL,TSLA,173.52,,Knox Ridley
2023-04-18,BUY,LINKUSD,8.68,,Knox Ridley
2023-04-17,BUY,ENPH,225.31,,Knox Ridley
2023-04-14,BUY,ETHUSD,2072.0,,Knox Ridley
2023-04-14,SELL,AEHR,28.48,,Knox Ridley
2023-04-13,SELL,NVDA,266.9,,Knox Ridley
2023-04-05,SELL,AMD,92.16,,Knox Ridley
2023-04-05,BUY,ENPH,189.91,,Knox Ridley
2023-04-04,SELL,MGNI,9.26,,Knox Ridley
2023-04-03,BUY,TSLA,195.2,,Knox Ridley
2023-03-31,BUY,BTCUSD,28586.0,,Knox Ridley
2023-03-24,BUY,BTCUSD,27719.0,,Knox Ridley
2023-03-24,SELL,NVDA,266.44,,Knox Ridley
2023-03-23,BUY,AEHR,38.86,,Knox Ridley
2023-03-23,BUY,ETHUSD,1848.2,,Knox Ridley
2023-03-22,BUY,ENPH,201.28,,Knox Ridley
2023-03-15,BUY,NFLX,303.01,,Knox Ridley
2023-03-15,SELL,NVDA,240.54,,Knox Ridley
2023-03-14,SELL,BTCUSD/ETHUSD,24340.0,,Knox Ridley
2023-03-09,SELL,AEHR,29.14,,Knox Ridley
2023-03-01,SELL,AEHR,35.41,,Knox Ridley
2023-02-28,BUY,ENPH,212.21,,Knox Ridley
2023-02-28,SELL,TSM,87.8,,Knox Ridley
2023-02-24,SELL,NVDA,237.81,,Knox Ridley
2023-02-22,SELL,MGNI,13.69,,Knox Ridley
2023-02-21,BUY,ENPH,204.42,,Knox Ridley
2023-02-16,SELL,DDOG,81.9,,Knox Ridley
2023-02-14,BUY,ENPH,206.98,,Knox Ridley
2023-02-11,SELL,QLD,44.3,,Knox Ridley
2023-02-09,SELL,AEHR,34.55,,Knox Ridley
2023-02-09,SELL,QLD,44.87,,Knox Ridley
2023-02-09,SELL,TSLA,211.28,,Knox Ridley
2023-02-09,SELL,AMD,86.56,,Knox Ridley
2023-02-08,SELL,MGNI,12.4,,Knox Ridley
2023-02-08,SELL,AEHR,34.67,,Knox Ridley
2023-02-08,SELL,TSLA,200.76,,Knox Ridley
2023-02-08,SELL,NVDA,226.55,,Knox Ridley
2023-02-08,SELL,DDOG,81.24,,Knox Ridley
2023-02-08,BUY,ENPH,237.62,,Knox Ridley
2023-02-03,BUY,QLD,47.25,,Knox Ridley
2023-02-02,BUY,QLD,46.75,,Knox Ridley
2023-02-01,BUY,TSLA,158.84,,Knox Ridley
2023-01-26,BUY,AEHR,33.5,,Knox Ridley
2023-01-23,BUY,NFLX,321.75,,Knox Ridley
2023-01-17,SELL,QLD/ARKW,38.25,,Knox Ridley
2023-01-12,BUY,QLD/ARKW,37.92,,Knox Ridley
2023-01-12,SELL,NFLX,323.7,,Knox Ridley
2023-01-09,SELL,ENPH,232.25,,Knox Ridley
2023-01-09,SELL,AEHR,26.92,,Knox Ridley
2023-01-06,SELL,S,13.27,,Knox Ridley
2023-01-06,SELL,DDOG,64.12,,Knox Ridley
2023-01-05,BUY,ENPH,245.45,,Knox Ridley
2023-01-05,SELL,S,13.95,,Knox Ridley
2023-01-04,SELL,SNOW,128.9,,Knox Ridley
2023-01-03,SELL,ETHUSD,1214.3,,Knox Ridley
2023-01-03,SELL,BTCUSD,16173.38,,Knox Ridley
2022-12-30,SELL,LINKUSD,5.49,,Knox Ridley
2022-12-30,BUY,TSM,74.67,,Knox Ridley
2022-12-22,BUY,NVDA,149.23,,Knox Ridley
2022-12-19,BUY,TSM,76.05,,Knox Ridley
2022-12-19,BUY,AEHR,22.03,,Knox Ridley
2022-12-16,BUY,TSM,76.7,,Knox Ridley
2022-12-16,BUY,NFLX,288.33,,Knox Ridley
2022-12-15,SELL,NVDA,174.67,,Knox Ridley
2022-12-12,SELL,MDB,143.88,,Knox Ridley
2022-12-02,BUY,MRVL,42.18,,Knox Ridley
2022-12-02,SELL,NFLX,316.48,,Knox Ridley
2022-12-01,SELL,CRWD,122.21,,Knox Ridley
2022-12-01,SELL,AEHR,27.24,,Knox Ridley
2022-11-30,SELL,SNOW,140.62,,Knox Ridley
2022-11-29,BUY,MGNI,9.98,,Knox Ridley
2022-11-22,SELL,BTCUSD,16113.0,,Knox Ridley
2022-11-16,SELL,AEHR,22.72,,Knox Ridley
2022-11-16,SELL,DLO,18.75,,Knox Ridley
2023-11-15,SELL,AMD,77.28,,Knox Ridley
2023-11-14,SELL,NVDA,163.2,,Knox Ridley
2023-11-14,SELL,AEHR,24.98,,Knox Ridley
2023-11-10,SELL,AEHR,23.1,,Knox Ridley
2023-11-10,SELL,ALGOUSD,0.27,,Knox Ridley
2023-11-09,BUY,BTCUSD,16855.0,,Knox Ridley
2023-11-08,BUY,ETHUSD,1372.0,,Knox Ridley
2023-11-07,BUY,NFLX,255.08,,Knox Ridley
2023-11-07,BUY,ENPH,265.21,,Knox Ridley
2023-11-04,BUY,ENPH,274.95,,Knox Ridley
2023-11-04,SELL,MARA,10.7,,Knox Ridley
2023-11-04,SELL,S,17.9,,Knox Ridley
2023-11-04,BUY,AEHR,18.82,,Knox Ridley
2023-11-04,BUY,NFLX,265.9,,Knox Ridley
2023-11-03,SELL,TWLO,67.05,,Knox Ridley
2023-11-02,BUY,MARA,11.7,,Knox Ridley
2023-10-28,SELL,NFLX,295.37,,Knox Ridley
2023-10-27,SELL,SHOP,30.55,,Knox Ridley
2023-10-26,SELL,SHOP,30.41,,Knox Ridley
2023-10-26,BUY,QLD,40.57,,Knox Ridley
2023-10-26,BUY,ALGOUSD,0.33,,Knox Ridley
2023-10-21,BUY,AEHR,19.7,,Knox Ridley
2023-10-21,SELL,SNAP,7.56,,Knox Ridley
2023-10-19,SELL,LRCX,334.87,,Knox Ridley
2023-10-14,BUY,AMD,57.34,,Knox Ridley
2023-10-13,BUY,CRWD,142.57,,Knox Ridley
2023-10-13,BUY,AEHR,14.1,,Knox Ridley
2023-10-13,BUY,NVDA,108.51,,Knox Ridley
2023-10-11,SELL,AEHR,15.82,,Knox Ridley
2023-10-05,BUY,DLO,23.72,,Knox Ridley
2023-10-05,SELL,MDB,199.85,,Knox Ridley
2023-10-05,BUY,CRWD,171.72,,Knox Ridley
2023-10-04,BUY,TWLO,76.02,,Knox Ridley
2023-10-04,BUY,MARA,12.5,,Knox Ridley
2023-09-26,BUY,SNAP,10.54,,Knox Ridley
2023-09-22,BUY,ETHUSD,1248.0,,Knox Ridley
2023-09-21,BUY,AMD,76.88,,Knox Ridley
2023-09-14,SELL,GOOGL,110.49,,Knox Ridley
2023-09-09,SELL,MDB,255.52,,Knox Ridley
2023-09-06,BUY,NFLX,217.53,,Knox Ridley
2023-09-02,BUY,ETHUSD,1575.0,,Knox Ridley
2023-09-02,SELL,AVAXUSD,18.89,,Knox Ridley
2023-08-31,BUY,SNOW,181.5,,Knox Ridley
2023-08-30,BUY,NFLX,220.71,,Knox Ridley
2023-08-30,SELL,AEHR,15.32,,Knox Ridley
2023-08-25,BUY,MDB,360.25,,Knox Ridley
2023-08-25,BUY,SNOW,191.55,,Knox Ridley
2023-08-25,SELL,ROKU,71.5,,Knox Ridley
2023-08-25,SELL,NVDA,171.51,,Knox Ridley
2023-08-25,BUY,AEHR,17.2,,Knox Ridley
2023-08-19,BUY,ETHUSD,1691.0,,Knox Ridley
2023-08-16,SELL,MGNI,9.82,,Knox Ridley
2022-08-12,SELL,ROKU,81.05,,Knox Ridley
2022-08-12,SELL,AMD,100.05,,Knox Ridley
2022-08-12,SELL,NVDA,180.08,,Knox Ridley
2022-08-11,SELL,DLO,30.17,,Knox Ridley
2022-08-11,BUY,DLO,31.79,,Knox Ridley
2022-08-10,SELL,CRWD,199.61,,Knox Ridley
2022-08-10,SELL,DDOG,117.21,,Knox Ridley
2022-08-05,SELL,SNOW,163.09,,Knox Ridley
2022-08-04,SELL,SNOW,159.42,,Knox Ridley
2022-07-30,SELL,ETHUSD,1723.0,,Knox Ridley
2022-07-30,SELL,BTCUSD,24481.0,,Knox Ridley
2022-07-29,SELL,TWLO,84.05,,Knox Ridley
2022-07-29,SELL,ASAN,18.85,,Knox Ridley
2022-07-28,BUY,CRWD,172.62,,Knox Ridley
2022-07-22,SELL,SNAP,10.81,,Knox Ridley
2022-07-20,BUY,SNOW,152.81,,Knox Ridley
2022-07-20,BUY,MDB,284.57,,Knox Ridley
2022-07-12,SELL,AVAXUSD,16.52,,Knox Ridley
2022-06-13,BUY,NVDA,158.99,,Knox Ridley
2022-06-13,BUY,AMD,89.41,,Knox Ridley
2022-06-13,BUY,MDB,243.35,,Knox Ridley
2022-06-09,SELL,AVAXUSD,24.63,,Knox Ridley
2022-06-09,SELL,LINKUSD,9.23,,Knox Ridley
2022-06-09,SELL,CFLT,22.32,,Knox Ridley
2022-06-07,SELL,S,23.78,,Knox Ridley
2022-06-03,SELL,SNOW,131.58,,Knox Ridley
2022-05-26,BUY,AVAX,24.03,,Knox Ridley
2022-05-26,BUY,NVDA,172.73,,Knox Ridley
2022-05-26,BUY,DDOG,86.0,,Knox Ridley
2022-05-26,BUY,AVAXUSD,30.5,,Knox Ridley
2022-05-18,BUY,GOOGL,2252.5,,Knox Ridley
2022-05-14,BUY,BTCUSD,29198.0,,Knox Ridley
2022-05-14,BUY,ETHUSD,2001.0,,Knox Ridley
2022-05-13,BUY,BTCUSD,28488.0,,Knox Ridley
2022-05-12,SELL,TWLO,100.89,,Knox Ridley
2022-05-11,BUY,LINKUSD,7.48,,Knox Ridley
2022-05-10,SELL,NET,53.89,,Knox Ridley
2022-05-10,SELL,TSLA,811.21,,Knox Ridley
2022-05-09,BUY,ETHUSD,2276.0,,Knox Ridley
2022-05-09,BUY,BTCUSD,31989.0,,Knox Ridley
2022-05-09,BUY,LINKUSD,8.85,,Knox Ridley
2022-05-09,BUY,AVAXUSD,48.89,,Knox Ridley
2022-05-06,BUY,MDB,300.51,,Knox Ridley
2022-05-06,BUY,NVDA,191.49,,Knox Ridley
2022-05-06,SELL,DDOG,109.89,,Knox Ridley
2022-05-05,BUY,MSFT,276.09,,Knox Ridley
2022-05-05,BUY,SNOW,169.17,,Knox Ridley
2022-05-04,BUY,AMD,94.17,,Knox Ridley
2022-05-04,SELL,SNAP,27.48,,Knox Ridley
2022-05-03,BUY,TSLA,904.5,,Knox Ridley
2022-05-02,BUY,MSFT,279.81,,Knox Ridley
2022-04-28,SELL,AVAXUSD,67.61,,Knox Ridley
2022-04-28,SELL,MU,67.63,,Knox Ridley
2022-04-28,SELL,U,67.38,,Knox Ridley
2022-04-26,SELL,ETHUSD,2832.0,,Knox Ridley
2022-04-26,SELL,BTCUSD,38101.0,,Knox Ridley
2022-04-26,BUY,NET,91.76,,Knox Ridley
2022-04-26,BUY,ROKU,91.86,,Knox Ridley
2022-04-25,BUY,SNOW,186.18,,Knox Ridley
2022-04-25,BUY,MDB,375.67,,Knox Ridley
2022-04-25,BUY,NVDA,193.55,,Knox Ridley
2022-04-25,SELL,AVAXUSA,69.78,,Knox Ridley
2022-04-22,SELL,VYGVF,3.71,,Knox Ridley
2022-04-22,SELL,UPST,75.01,,Knox Ridley
2022-04-18,BUY,NET,106.32,,Knox Ridley
2022-04-15,BUY,AVAXUSD,76.94,,Knox Ridley
2022-04-15,BUY,ETHUSD,3022.0,,Knox Ridley
2022-04-15,BUY,BTCUSD,40412.0,,Knox Ridley
2022-04-11,SELL,SHOP,613.88,,Knox Ridley
2022-04-07,BUY,MDB,424.7,,Knox Ridley
2022-04-06,BUY,S,34.76,,Knox Ridley
2022-03-30,SELL,AMD,123.37,,Knox Ridley
2022-03-29,BUY,LINKUSD,16.23,,Knox Ridley
2022-03-27,BUY,LINKUSD,16.23,,Knox Ridley
2022-03-27,BUY,LINKUSD,16.23,,Knox Ridley
2022-03-27,BUY,LINKUSD,16.23,,Knox Ridley
2022-03-27,BUY,ETHUSD,3210.0,,Knox Ridley
2022-03-27,BUY,ETHUSD,3210.0,,Knox Ridley
2022-03-27,BUY,BTCUSD,46110.0,,Knox Ridley
2022-03-21,BUY,SHOP,694.1,,Knox Ridley
2022-03-17,BUY,S,37.31,,Knox Ridley
2022-03-16,BUY,SHOP,584.58,,Knox Ridley
2022-03-16,SELL,XPEV,24.22,,Knox Ridley
2022-03-10,SELL,BTC/ETH,39418.0,,Knox Ridley
2022-03-10,BUY,MDB,330.06,,Knox Ridley
2022-03-10,SELL,ASAN,36.75,,Knox Ridley
2022-03-08,BUY,U,80.3,,Knox Ridley
2022-03-08,BUY,SNOW,184.8,,Knox Ridley
2022-03-04,BUY,SNOW,218.9,,Knox Ridley
2022-03-01,BUY,AMD,116.7,,Knox Ridley
2022-02-28,SELL,ZM,123.9,,Knox Ridley
2022-02-25,SELL,IWM,201.26,,Knox Ridley
2022-02-25,SELL,QLD,65.4,,Knox Ridley
2022-02-25,SELL,IWM,198.46,,Knox Ridley
2022-02-25,SELL,QLD,63.5,,Knox Ridley
2022-02-24,BUY,UPST,129.8,,Knox Ridley
2022-02-24,BUY,MGNI,13.07,,Knox Ridley
2022-02-24,SELL,QLD,59.38,,Knox Ridley
2022-02-23,BUY,ROKU,119.6,,Knox Ridley
2022-02-23,BUY,SNAP,36.93,,Knox Ridley
2022-02-23,BUY,AMD,109.37,,Knox Ridley
2022-02-23,SELL,MNDY,132.98,,Knox Ridley
2022-02-23,SELL,QLD,61.8,,Knox Ridley
2022-02-22,SELL,IWM,195.8,,Knox Ridley
2022-02-22,SELL,LINKUSD,13.38,,Knox Ridley
2022-02-17,BUY,ROKU,151.15,,Knox Ridley
2022-02-17,SELL,SPY,440.8,,Knox Ridley
2022-02-16,BUY,AMD,114.5,,Knox Ridley
2022-02-16,SELL,RBLX,56.6,,Knox Ridley
2022-02-15,SELL,SPY,445.8,,Knox Ridley
2022-02-11,SELL,CFLT,54.7,,Knox Ridley
2022-02-11,SELL,AFRM,52.3,,Knox Ridley
2022-02-10,SELL,IWM,205.9,,Knox Ridley
2022-02-09,BUY,TWLO,200.11,,Knox Ridley
2022-02-04,SELL,SPY,448.3,,Knox Ridley
2022-02-03,SELL,LINKUSD,16.5,,Knox Ridley
2022-02-03,BUY,SNAP,24.95,,Knox Ridley
2022-02-03,BUY,MNDY,184.88,,Knox Ridley
2022-01-27,BUY,CFLT,58.6,,Knox Ridley
2022-01-25,BUY,DDOG,127.85,,Knox Ridley
2022-01-24,BUY,SNOW,258.2,,Knox Ridley
2022-01-21,BUY,ETHUSD,2837.0,,Knox Ridley
2022-01-21,BUY,BTCUSD,38305.0,,Knox Ridley
2022-01-19,BUY,MNDY,214.14,,Knox Ridley
2022-01-14,SELL,PATH,36.25,,Knox Ridley
2022-01-14,BUY,SNOW,286.14,,Knox Ridley
2022-01-13,SELL,LRCX,709.7,,Knox Ridley
2022-01-10,BUY,S,40.91,,Knox Ridley
2022-01-07,BUY,AMD,132.25,,Knox Ridley
2022-01-07,BUY,NVDA,274.85,,Knox Ridley
2022-01-06,BUY,S,44.18,,Knox Ridley
2022-01-06,SELL,ETHUSD,3537.09,,Knox Ridley
2022-01-06,SELL,BTCUSD,43623.0,,Knox Ridley
2022-01-04,BUY,RBLX,94.5,,Knox Ridley
2022-01-03,BUY,DDOG,162.5,,Knox Ridley
2021-12-29,BUY,XPEV,44.69,,Knox Ridley
2021-12-27,SELL,BTCUSD,51754.0,,Knox Ridley
2021-12-22,SELL,CFLT,71.21,,Knox Ridley
2021-12-21,BUY,MU,89.6,,Knox Ridley
2021-12-16,BUY,MRVL,84.37,,Knox Ridley
2021-12-16,BUY,ASAN,66.12,,Knox Ridley
2021-12-14,SELL,MNDY,263.45,,Knox Ridley
2021-12-12,SELL,BTCUSD,50382.0,,Knox Ridley
2021-12-11,SELL,ETHUSD,4021.0,,Knox Ridley
2021-12-10,BUY,CFLT,64.23,,Knox Ridley
2021-12-10,SELL,UPST,169.32,,Knox Ridley
2021-12-09,BUY,U,140.5,,Knox Ridley
2021-12-09,SELL,BTCUSD,47621.0,,Knox Ridley
2021-12-09,SELL,STEM,19.68,,Knox Ridley
2021-12-09,BUY,MNDY,327.4,,Knox Ridley
2021-12-08,SELL,SE,263.24,,Knox Ridley
2021-12-08,BUY,ASAN,74.87,,Knox Ridley
2021-12-07,BUY,UPST,192.55,,Knox Ridley
2021-12-07,SELL,IWO,297.5,,Knox Ridley
2021-12-06,SELL,IWO,285.8,,Knox Ridley
2021-12-06,SELL,RIOT,27.51,,Knox Ridley
2021-12-05,SELL,LINKUSD,19.26,,Knox Ridley
2021-12-05,SELL,BTCUSD,49102.0,,Knox Ridley
2021-12-05,SELL,ETHUSD,4156.0,,Knox Ridley
2021-12-04,SELL,ETHUSD,4105.0,,Knox Ridley
2021-12-04,SELL,LINKUSD,19.98,,Knox Ridley
2021-12-04,SELL,BTCUSD,48283.0,,Knox Ridley
2021-12-03,SELL,XPEV,45.71,,Knox Ridley
2021-12-03,SELL,NVDA,315.9,,Knox Ridley
2021-12-03,SELL,DOCU,146.93,,Knox Ridley
2021-12-02,BUY,AFRM,166.06,,Knox Ridley
2021-12-02,SELL,PLTR,19.54,,Knox Ridley
2021-12-02,BUY,CFLT,75.3,,Knox Ridley
2021-12-02,SELL,ESTC,120.23,,Knox Ridley
2021-12-02,BUY,U,149.32,,Knox Ridley
2021-12-02,SELL,ATOM,22.04,,Knox Ridley
2021-11-30,SELL,AEHR,17.74,,Knox Ridley
2021-11-24,BUY,LINKUSD,25.4,,Knox Ridley
2021-11-23,BUY,ETHUSD,4356.0,,Knox Ridley
2021-11-23,BUY,DDOG,177.9,,Knox Ridley
2021-11-23,BUY,TWLO,274.56,,Knox Ridley
2021-11-23,BUY,ZM,205.8,,Knox Ridley
2021-11-23,BUY,VYGVF,15.45,,Knox Ridley
2021-11-23,SELL,AMD,149.72,,Knox Ridley
2021-11-23,SELL,NVDA,318.16,,Knox Ridley
2021-11-22,SELL,VUZI,12.03,,Knox Ridley
2021-11-19,BUY,AFRM,136.74,,Knox Ridley
2021-11-17,BUY,DDOG,191.47,,Knox Ridley
2022-11-15,BUY,SHOP,1676.5,,Knox Ridley
2022-11-12,BUY,VUZI,14.54,,Knox Ridley
2022-11-10,BUY,ROKU,276.7,,Knox Ridley
2022-11-10,SELL,MARA,75.26,,Knox Ridley
2022-11-08,SELL,AFRM,167.49,,Knox Ridley
2022-11-08,SELL,TSLA,1190.81,,Knox Ridley
2022-11-08,SELL,RIOT,34.53,,Knox Ridley
2022-11-05,BUY,XPEV,46.06,,Knox Ridley
2022-11-04,SELL,AEHR,26.1,,Knox Ridley
2022-11-03,SELL,ZI,69.25,,Knox Ridley
2022-11-02,BUY,MARA,62.08,,Knox Ridley
2022-11-01,BUY,PLTR,26.24,,Knox Ridley
2022-10-28,BUY,VYGVF,13.87,,Knox Ridley
2022-10-27,BUY,MARA,49.93,,Knox Ridley
2022-10-27,SELL,KC,25.34,,Knox Ridley
2022-10-26,SELL,CFLT,65.76,,Knox Ridley
2022-10-26,BUY,CFLT,65.76,,Knox Ridley
2022-10-24,BUY,LINKUSD,29.58,,Knox Ridley
2022-10-24,BUY,BTCUSD,60890.1,,Knox Ridley
2022-10-24,BUY,ETHUSD,4074.0,,Knox Ridley
2022-10-23,BUY,LINKUSD,31.21,,Knox Ridley
2022-10-22,BUY,BTCUSD,60821.0,,Knox Ridley
2022-10-22,BUY,TSLA,907.35,,Knox Ridley
2022-10-20,SELL,VYGVF,10.34,,Knox Ridley
2022-10-20,BUY,AFRM,149.83,,Knox Ridley
2022-10-15,BUY,BTCUSD,61287.0,,Knox Ridley
2022-10-14,SELL,MDB,500.02,,Knox Ridley
2022-10-13,BUY,DDOG,154.39,,Knox Ridley
2022-10-08,BUY,AEHR,19.08,,Knox Ridley
2022-10-04,BUY,SE,314.01,,Knox Ridley
2022-10-04,BUY,ZM,254.35,,Knox Ridley
2022-10-04,BUY,NVDA,199.4,,Knox Ridley
2022-10-04,BUY,MDB,446.49,,Knox Ridley
2022-10-01,BUY,NVDA,206.64,,Knox Ridley
2022-10-01,BUY,ROKU,309.3,,Knox Ridley
2022-09-30,BUY,CFLT,59.7,,Knox Ridley
2022-09-30,BUY,NVDA,208.91,,Knox Ridley
2022-09-24,SELL,ARKG,80.76,,Knox Ridley
2022-09-24,BUY,AEHR,13.71,,Knox Ridley
2022-09-23,BUY,CFLT,71.25,,Knox Ridley
2022-09-22,BUY,ETHUSD,2833.34,,Knox Ridley
2022-09-22,BUY,LINKUSD,22.1,,Knox Ridley
2022-09-20,BUY,ESTC,158.95,,Knox Ridley
2022-09-20,BUY,MDB,496.5,,Knox Ridley
2022-09-20,BUY,SE,328.06,,Knox Ridley
2022-09-17,SELL,VUZI,11.87,,Knox Ridley
2022-09-16,BUY,LRCX,614.56,,Knox Ridley
2022-09-16,BUY,SE,339.71,,Knox Ridley
2022-09-16,BUY,AMD,104.67,,Knox Ridley
2022-09-16,BUY,ZI,67.67,,Knox Ridley
2022-09-14,SELL,ASAN,105.09,,Knox Ridley
2022-09-13,SELL,BTCUSD,44105.0,,Knox Ridley
2022-09-13,BUY,MDB,476.32,,Knox Ridley
2022-09-13,BUY,AFRM,108.01,,Knox Ridley
2022-09-10,SELL,BTCUSD,45196.0,,Knox Ridley
2022-09-10,SELL,NIO,38.88,,Knox Ridley
2022-09-10,BUY,MDB,486.74,,Knox Ridley
2022-09-10,BUY,AFRM,108.44,,Knox Ridley
2022-09-09,SELL,BTCUSD,46489.0,,Knox Ridley
2022-09-09,SELL,ETHUSD,3531.0,,Knox Ridley
2022-09-03,BUY,BTCUSD,50761.0,,Knox Ridley
2022-09-01,SELL,ZM,293.59,,Knox Ridley
2022-09-01,SELL,PLUG,27.04,,Knox Ridley
2022-09-01,SELL,DOCU,298.38,,Knox Ridley
2022-08-27,SELL,MRVL,61.27,,Knox Ridley
2022-08-25,BUY,ESTC,156.44,,Knox Ridley
2022-08-25,SELL,ASAN,75.5,,Knox Ridley
2022-08-25,SELL,VUZI,12.87,,Knox Ridley
2022-08-25,SELL,ASAN,75.5,,Knox Ridley
2022-08-23,BUY,RIOT,35.7,,Knox Ridley
2022-08-23,SELL,IWO,296.24,,Knox Ridley
2022-08-21,BUY,LINK,28.36,,Knox Ridley
2022-08-21,BUY,ETH,3268.52,,Knox Ridley
2022-08-20,BUY,BTCUSD,48773.0,,Knox Ridley
2022-08-20,SELL,IWO,289.85,,Knox Ridley
2022-08-20,BUY,BTCUSD,48644.3,,Knox Ridley
2022-08-18,SELL,IWO,288.66,,Knox Ridley
2022-08-17,SELL,MGNI,25.56,,Knox Ridley
2022-08-17,SELL,ARKG,78.92,,Knox Ridley
2022-08-17,SELL,PLUG,25.44,,Knox Ridley
2021-08-16,SELL,MGNI,27.5,,Knox Ridley
2021-08-16,BUY,SNAP,70.4,,Knox Ridley
2021-08-16,BUY,SHOP,1489.0,,Knox Ridley
2021-08-16,BUY,ROKU,347.33,,Knox Ridley
2021-08-10,SELL,ETHUSD,3092.0,,Knox Ridley
2021-08-07,SELL,ETHUSD,3103.0,,Knox Ridley
2021-08-06,BUY,XPEV,41.05,,Knox Ridley
2021-08-05,SELL,LINKUSD,23.96,,Knox Ridley
2021-08-05,SELL,ETHUSD,2715.0,,Knox Ridley
2021-08-05,SELL,BTCUSD,39458.0,,Knox Ridley
2021-08-04,SELL,AMD,118.97,,Knox Ridley
2021-08-04,BUY,VYGVF,14.51,,Knox Ridley
2021-08-03,SELL,LINKUSD,23.49,,Knox Ridley
2021-07-30,BUY,PLUG,26.8,,Knox Ridley
2021-07-30,BUY,ARKG,85.02,,Knox Ridley
2021-07-26,SELL,SNOW,268.14,,Knox Ridley
2021-07-26,SELL,DOCU,307.3,,Knox Ridley
2021-07-26,SELL,SNOW,269.11,,Knox Ridley
2021-07-22,SELL,NVDA,194.0,,Knox Ridley
2021-07-22,SELL,BTCUSD,32008.0,,Knox Ridley
2021-07-21,BUY,PLUG,27.86,,Knox Ridley
2021-07-21,BUY,ZM,349.1,,Knox Ridley
2021-07-20,BUY,ARKG,83.35,,Knox Ridley
2021-07-19,BUY,ARKG,83.35,,Knox Ridley
2021-07-19,BUY,PATH,58.8,,Knox Ridley
2021-07-16,BUY,VYGVF,11.76,,Knox Ridley
2021-07-16,BUY,XPEV,38.96,,Knox Ridley
2021-07-16,SELL,ATOM,18.34,,Knox Ridley
2021-07-16,BUY,FUBO,25.94,,Knox Ridley
2021-07-14,BUY,ETHUSD,1882.83,,Knox Ridley
2021-07-12,BUY,STEM,31.17,,Knox Ridley
2021-07-09,BUY,PATH,67.7,,Knox Ridley
2021-07-09,BUY,VYGVF,15.89,,Knox Ridley
2021-07-09,BUY,VUVI,16.98,,Knox Ridley
2021-07-09,BUY,AMD,89.73,,Knox Ridley
2021-07-08,BUY,STEM,32.61,,Knox Ridley
2021-07-08,BUY,PATH,64.59,,Knox Ridley
2021-07-08,BUY,NIO,43.89,,Knox Ridley
2021-07-08,BUY,XPEV,38.66,,Knox Ridley
2021-07-07,SELL,QQQ,360.92,,Knox Ridley
2021-07-07,BUY,FUBO,27.9,,Knox Ridley
2021-07-06,SELL,NVDA,826.5,,Knox Ridley
2021-07-02,SELL,ZM,388.0,,Knox Ridley
2021-07-02,BUY,PATH,66.97,,Knox Ridley
2021-07-02,BUY,MGNI,33.14,,Knox Ridley
2021-07-02,BUY,ROKU,439.9,,Knox Ridley
2021-07-01,SELL,FVRR,239.66,,Knox Ridley
2021-07-01,SELL,ASAN,61.42,,Knox Ridley
2021-06-29,SELL,QCOM,142.51,,Knox Ridley
2021-06-29,SELL,FVRR,245.0,,Knox Ridley
2021-06-26,BUY,LINKUSD,16.39,,Knox Ridley
2021-06-26,BUY,BTCUSD,31384.0,,Knox Ridley
2021-06-24,SELL,SNOW,248.9,,Knox Ridley
2021-06-24,SELL,FUTU,169.7,,Knox Ridley
2021-06-23,BUY,VUZI,17.07,,Knox Ridley
2021-06-22,SELL,U,110.5,,Knox Ridley
2021-06-22,SELL,NVDA,751.92,,Knox Ridley
2021-06-18,SELL,SNOW,247.34,,Knox Ridley
2021-06-18,SELL,XPEV,45.03,,Knox Ridley
2021-06-18,SELL,ASAN,55.05,,Knox Ridley
2021-06-16,BUY,VUZI,16.49,,Knox Ridley
2021-06-16,BUY,PATH,69.0,,Knox Ridley
2021-06-16,SELL,SE,273.3,,Knox Ridley
2021-06-14,BUY,BTCUSD,39255.46,,Knox Ridley
2021-06-11,SELL,QQQ,340.57,,Knox Ridley
2021-06-10,BUY,SNAP,61.81,,Knox Ridley
2021-06-09,SELL,TDOC,155.9,,Knox Ridley
2021-06-09,BUY,ATOM,28.5,,Knox Ridley
2021-06-09,BUY,VUZI,18.45,,Knox Ridley
2021-06-08,SELL,PINS,66.57,,Knox Ridley
2021-06-07,SELL,QCOM,133.38,,Knox Ridley
2021-06-03,BUY,FUTU,144.0,,Knox Ridley
2021-06-02,BUY,PATH,78.6,,Knox Ridley
2021-05-28,BUY,PATH,80.8,,Knox Ridley
2021-05-28,BUY,ETHUSD,2537.0,,Knox Ridley
2021-05-25,BUY,BTCUSD,37824.0,,Knox Ridley
2021-05-20,SELL,IWO,290.6,,Knox Ridley
2021-05-20,BUY,ASAN,33.25,,Knox Ridley
2021-05-19,SELL,IWO,285.9,,Knox Ridley
2021-05-19,SELL,LINKUSD,31.66,,Knox Ridley
2021-05-19,BUY,BTCUSD,38759.0,,Knox Ridley
2021-05-19,BUY,ETHUSD,2889.0,,Knox Ridley
2021-05-19,BUY,LINKUSD,39.44,,Knox Ridley
2021-05-19,BUY,ETHUSD,3127.0,,Knox Ridley
2021-05-19,BUY,BTCUSD,4098.0,,Knox Ridley
2021-05-18,BUY,PATH,72.21,,Knox Ridley
2021-05-18,SELL,IWO,288.0,,Knox Ridley
2021-05-17,BUY,ROKU,308.24,,Knox Ridley
2021-05-17,SELL,XPEV,25.2,,Knox Ridley
2021-05-13,BUY,SNOW,185.34,,Knox Ridley
2021-05-13,SELL,FUTU,112.7,,Knox Ridley
2021-05-13,SELL,LINKUSD,43.78,,Knox Ridley
2021-05-13,SELL,BTCUSD,50098.0,,Knox Ridley
2021-05-12,BUY,SNAP,51.7,,Knox Ridley
2021-05-12,BUY,DDOG,77.17,,Knox Ridley
2021-05-11,SELL,CCIV,17.89,,Knox Ridley
2021-05-11,SELL,LINKUSD,46.58,,Knox Ridley
2021-05-11,SELL,ETHUSD,3903.0,,Knox Ridley
2021-05-11,SELL,BTCUSD,55707.0,,Knox Ridley
2021-05-10,SELL,ARKK,104.5,,Knox Ridley
2021-05-09,SELL,BTCUSD,58191.0,,Knox Ridley
2021-05-09,SELL,LINKUSD,50.9,,Knox Ridley
2021-05-07,BUY,U,91.0,,Knox Ridley
2021-05-07,BUY,SNOW,211.7,,Knox Ridley
2021-05-06,BUY,TWLO,306.4,,Knox Ridley
2021-05-06,BUY,SHOP,1088.6,,Knox Ridley
2021-05-06,BUY,ZM,289.7,,Knox Ridley
2021-05-06,BUY,SE,236.8,,Knox Ridley
2021-05-06,BUY,FVRR,176.1,,Knox Ridley
2021-05-05,SELL,ATER,16.1,,Knox Ridley
2021-05-04,SELL,ETHUSD,3292.3,,Knox Ridley
2021-05-04,SELL,ARKK,112.8,,Knox Ridley
2021-05-04,BUY,SNAP,55.4,,Knox Ridley
2021-05-03,BUY,SHOP,1134.46,,Knox Ridley
2021-04-29,BUY,FUBO,20.45,,Knox Ridley
2021-04-28,SELL,CRWD,221.9,,Knox Ridley
2021-04-26,SELL,FUTU,150.3,,Knox Ridley
2021-04-21,SELL,ARKK,121.3,,Knox Ridley
2021-04-19,SELL,TSLA,708.1,,Knox Ridley
2021-04-18,SELL,LINKUSD,35.05,,Knox Ridley
2021-04-17,SELL,BTCUSD,6027.0,,Knox Ridley
2021-04-09,BUY,STPK,29.37,,Knox Ridley
2021-04-05,SELL,QQQ,329.6,,Knox Ridley
2021-04-05,BUY,FUTU,147.8,,Knox Ridley
2021-03-31,BUY,SNOW,225.9,,Knox Ridley
2021-03-30,BUY,SNAP,48.8,,Knox Ridley
2021-03-29,BUY,ETHUSD,1773.0,,Knox Ridley
2021-03-26,BUY,CRWD,176.5,,Knox Ridley
2021-03-26,BUY,VYGVF,23.91,,Knox Ridley
2021-03-26,BUY,SE,208.4,,Knox Ridley
2021-03-26,BUY,SNOW,222.7,,Knox Ridley
2021-03-25,SELL,AMWL,17.05,,Knox Ridley
2021-03-25,SELL,PLUG,32.6,,Knox Ridley
2021-03-25,SELL,BTCUSD,521.15,,Knox Ridley
2021-03-24,SELL,VYGVF,20.53,,Knox Ridley
2021-03-24,BUY,NIO,37.56,,Knox Ridley
2021-03-24,BUY,XPEV,31.5,,Knox Ridley
2021-03-23,BUY,KC,43.75,,Knox Ridley
2021-03-22,SELL,QQQ,316.1,,Knox Ridley
2021-03-19,SELL,BAND,123.25,,Knox Ridley
2021-03-19,BUY,ZM,321.17,,Knox Ridley
2021-03-05,BUY,MWK,32.9,,Knox Ridley
2021-03-05,BUY,VYGVF,11.9,,Knox Ridley
2021-03-05,BUY,U,90.7,,Knox Ridley
2021-03-04,BUY,NVDA,488.5,,Knox Ridley
2021-03-04,SELL,ACTC,15.88,,Knox Ridley
2021-03-04,BUY,TWLO,344.7,,Knox Ridley
2021-03-04,BUY,TSLA,628.4,,Knox Ridley
2021-03-04,SELL,SOXX,404.02,,Knox Ridley
2021-03-04,SELL,QQQ,308.6,,Knox Ridley
2021-03-03,BUY,NIO,41.57,,Knox Ridley
2021-02-24,BUY,XPEV,38.09,,Knox Ridley
2021-02-23,SELL,LINKUSD,24.0,,Knox Ridley
2021-02-23,BUY,U,109.9,,Knox Ridley
2021-02-23,BUY,ZM,370.1,,Knox Ridley
2021-02-23,BUY,KC,60.36,,Knox Ridley
2021-02-23,BUY,TWLO,374.0,,Knox Ridley
2021-02-23,BUY,CCIV,32.5,,Knox Ridley
2021-02-23,BUY,PLUG,43.5,,Knox Ridley
2021-02-23,SELL,BIGC,61.6,,Knox Ridley
2021-02-23,SELL,BTCUSD,52450.0,,Knox Ridley
2021-02-18,SELL,MSFT,243.6,,Knox Ridley
2021-02-18,BUY,KC,62.44,,Knox Ridley
2021-02-16,BUY,NVDA,613.65,,Knox Ridley
2021-02-16,BUY,BAND,194.1,,Knox Ridley
2021-02-16,BUY,ASAN,40.08,,Knox Ridley
2021-02-11,BUY,STPK,37.7,,Knox Ridley
2021-02-08,BUY,STPK,37.37,,Knox Ridley
2021-02-08,SELL,INSG,20.08,,Knox Ridley
2021-02-03,BUY,ACTC,25.8,,Knox Ridley
2021-02-03,BUY,VYGVF,10.0,,Knox Ridley
2021-02-03,BUY,XPEV,47.4,,Knox Ridley
2021-02-03,BUY,FVRR,238.4,,Knox Ridley
2021-02-01,BUY,TEST-0131-1,12.34,,Knox Ridley
2021-01-29,SELL,IPOE,22.2,,Knox Ridley
2021-01-29,BUY,IPOE,25.8,,Knox Ridley
2021-01-29,BUY,IPOE,25.8,,Knox Ridley
2021-01-22,BUY,XPEV,55.1,,Knox Ridley
2021-01-19,SELL,SOXX,414.7,,Knox Ridley
2021-01-19,SELL,SOXX,414.7,,Knox Ridley
2021-01-15,SELL,QQQ,314.6,,Knox Ridley
2021-01-14,BUY,BIGC,62.05,,Knox Ridley
